[
    {
        "name": "user",
        "fields": [
            {
                "name": "name",
                "sort": 1,
                "type": "text",
                "label": "Name",
                "defaultValue": "",
                "required": false,
                "displayed": true
            },
            {
                "name": "email",
                "sort": 1,
                "type": "text",
                "label": "E-mail",
                "defaultValue": "",
                "required": true,
                "displayed": true
            },
            {
                "name": "password",
                "sort": 1,
                "type": "password",
                "label": "Password",
                "defaultValue": "",
                "required": true,
                "displayed": false
            },
            {
                "name": "roles",
                "sort": 1,
                "type": "collectionMany",
                "label": "Roles",
                "defaultValue": "",
                "required": false,
                "displayed": true,
                "collection": "role"
            }
        ],
        "sort": null,
        "sortType": "-1"
    },
    {
        "name": "post",
        "fields": [
            {
                "name": "title",
                "sort": 1,
                "type": "text",
                "label": "Title",
                "defaultValue": "",
                "required": true,
                "displayed": true
            },
            {
                "name": "content",
                "sort": 1,
                "type": "wysiwyg",
                "label": "Content",
                "defaultValue": "",
                "required": false,
                "displayed": false
            },
            {
                "name": "published",
                "sort": 1,
                "type": "boolean",
                "label": "Published state",
                "defaultValue": "",
                "required": false,
                "displayed": true
            },
            {
                "name": "user",
                "sort": 1,
                "type": "collectionOne",
                "label": "User",
                "defaultValue": "",
                "required": false,
                "displayed": true,
                "collection": "user"
            },
            {
                "name": "tags",
                "sort": 1,
                "type": "collectionMany",
                "label": "Tags",
                "defaultValue": "",
                "required": false,
                "displayed": false,
                "collection": "tag"
            }
        ],
        "sort": null,
        "sortType": "-1"
    },
    {
        "name": "tag",
        "fields": [
            {
                "name": "name",
                "sort": 1,
                "type": "text",
                "label": "Name",
                "defaultValue": "",
                "required": true,
                "displayed": true
            }
        ],
        "sort": null,
        "sortType": "-1"
    },
    {
        "name": "role",
        "fields": [
            {
                "name": "name",
                "sort": 1,
                "type": "text",
                "label": "Name",
                "defaultValue": "",
                "required": true,
                "displayed": true
            }
        ],
        "sort": null,
        "sortType": "-1"
    }
]