[
    {
        "name": "user",
        "fields": [
            {
                "name": "name",
                "sort": 1,
                "type": "text",
                "label": "\u0418\u043c\u044f",
                "defaultValue": "",
                "required": false,
                "displayed": true
            },
            {
                "name": "email",
                "sort": 1,
                "type": "text",
                "label": "\u042d\u043b. \u043f\u043e\u0447\u0442\u0430",
                "defaultValue": "",
                "required": true,
                "displayed": true
            },
            {
                "name": "password",
                "sort": 1,
                "type": "password",
                "label": "\u041f\u0430\u0440\u043e\u043b\u044c",
                "defaultValue": "",
                "required": true,
                "displayed": false
            },
            {
                "name": "posts",
                "sort": 1,
                "type": "collectionMany",
                "label": "\u0417\u0430\u043f\u0438\u0441\u0438",
                "defaultValue": "",
                "required": false,
                "displayed": true,
                "collection": "post"
            }
        ],
        "sort": "createdAt",
        "sortType": "-1",
        "label": "\u041f\u043e\u043b\u044c\u0437\u043e\u0432\u0430\u0442\u0435\u043b\u0438"
    },
    {
        "name": "post",
        "label": "\u0417\u0430\u043f\u0438\u0441\u0438",
        "fields": [
            {
                "name": "caption",
                "sort": 1,
                "type": "text",
                "label": "\u041f\u043e\u0434\u043f\u0438\u0441\u044c",
                "defaultValue": "",
                "required": true,
                "displayed": true
            },
            {
                "name": "backgroundUrl",
                "sort": 1,
                "type": "media",
                "label": "\u0424\u043e\u043d",
                "defaultValue": "",
                "required": true,
                "displayed": true
            },
            {
                "name": "user",
                "sort": 1,
                "type": "collectionOne",
                "label": "\u041f\u043e\u044c\u0437\u043e\u0432\u0430\u0442\u0435\u043b\u044c",
                "defaultValue": "",
                "required": true,
                "displayed": true,
                "collection": "user"
            },
            {
                "name": "likes",
                "sort": 1,
                "type": "number",
                "label": "",
                "defaultValue": "",
                "required": false,
                "displayed": false
            },
            {
                "name": "public",
                "sort": 1,
                "type": "boolean",
                "label": "Public",
                "defaultValue": "",
                "required": false,
                "displayed": true
            }
        ],
        "sort": "createdAt",
        "sortType": "-1"
    }
]