[
    {
        "name": "user",
        "fields": [
            {
                "name": "name",
                "sort": 1,
                "type": "text",
                "label": "Name",
                "defaultValue": "",
                "required": false,
                "displayed": true
            },
            {
                "name": "email",
                "sort": 1,
                "type": "text",
                "label": "E-mail",
                "defaultValue": "",
                "required": true,
                "displayed": true
            },
            {
                "name": "password",
                "sort": 1,
                "type": "password",
                "label": "Password",
                "defaultValue": "",
                "required": true,
                "displayed": false
            },
            {
                "name": "posts",
                "sort": 1,
                "type": "collectionMany",
                "label": "Posts",
                "defaultValue": "",
                "required": false,
                "displayed": true,
                "collection": "post"
            }
        ],
        "sort": "createdAt",
        "sortType": "-1",
        "label": "Users"
    },
    {
        "name": "post",
        "label": "Post",
        "fields": [
            {
                "name": "caption",
                "sort": 1,
                "type": "text",
                "label": "\u041f\u043e\u0434\u043f\u0438\u0441\u044c",
                "defaultValue": "",
                "required": true,
                "displayed": true
            },
            {
                "name": "backgroundUrl",
                "sort": 1,
                "type": "media",
                "label": "\u0424\u043e\u043d",
                "defaultValue": "",
                "required": true,
                "displayed": true
            },
            {
                "name": "user",
                "sort": 1,
                "type": "collectionOne",
                "label": "\u041f\u043e\u044c\u0437\u043e\u0432\u0430\u0442\u0435\u043b\u044c",
                "defaultValue": "",
                "required": true,
                "displayed": false,
                "collection": "user"
            },
            {
                "name": "likes",
                "sort": 1,
                "type": "number",
                "label": "",
                "defaultValue": "",
                "required": false,
                "displayed": false
            },
            {
                "name": "public",
                "sort": 1,
                "type": "boolean",
                "label": "Public",
                "defaultValue": "",
                "required": false,
                "displayed": true
            }
        ],
        "sort": "createdAt",
        "sortType": "-1"
    }
]