[
    {
        "name": "posts",
        "fields": [
            {
                "name": "title",
                "label": "Title",
                "type": "text",
                "required": true,
                "displayed": true
            },
            {
                "name": "content",
                "label": "Content",
                "type": "wysiwyg"
            },
            {
                "name": "users",
                "label": "Users",
                "type": "collection",
                "collection": "users",
                "many": true
            }
        ],
        "sort": null,
        "sortType": "-1"
    },
    {
        "name": "test4",
        "fields": [
            {
                "name": "test_column",
                "sort": 1,
                "type": "text",
                "label": "",
                "defaultValue": "",
                "required": false,
                "displayed": true
            },
            {
                "name": "posts",
                "sort": 1,
                "type": "collection",
                "label": "Posts",
                "defaultValue": "",
                "required": false,
                "displayed": true,
                "collection": "posts",
                "many": true
            }
        ],
        "sort": null,
        "sortType": "-1"
    },
    {
        "name": "test",
        "fields": [
            {
                "name": "test",
                "sort": 1,
                "type": "text",
                "label": "",
                "defaultValue": "",
                "required": false,
                "displayed": true
            }
        ],
        "sort": "test"
    },
    {
        "name": "test124",
        "fields": [
            {
                "name": "test123",
                "sort": 1,
                "type": "text",
                "label": "",
                "defaultValue": "",
                "required": false,
                "displayed": true
            }
        ],
        "sort": null
    },
    {
        "name": "new_collection",
        "fields": [
            {
                "name": "test",
                "sort": 1,
                "type": "text",
                "label": "",
                "defaultValue": "",
                "required": false,
                "displayed": true
            }
        ],
        "sort": "test"
    },
    {
        "name": "number_col",
        "fields": [
            {
                "name": "number_col",
                "sort": 1,
                "type": "number",
                "label": "Number",
                "defaultValue": "",
                "required": true,
                "displayed": true
            }
        ],
        "sort": "number_col",
        "sortType": "1"
    },
    {
        "name": "photos",
        "fields": [
            {
                "name": "url",
                "sort": 1,
                "type": "media",
                "label": "",
                "defaultValue": "",
                "required": true,
                "displayed": true
            },
            {
                "name": "name",
                "sort": 1,
                "type": "text",
                "label": "",
                "defaultValue": "",
                "required": false,
                "displayed": false
            }
        ],
        "sort": null,
        "sortType": "-1"
    },
    {
        "name": "user",
        "fields": [
            {
                "name": "posts",
                "sort": 1,
                "type": "collection",
                "label": "Posts",
                "defaultValue": "",
                "required": false,
                "displayed": true,
                "collection": "posts",
                "many": true
            }
        ],
        "sort": null,
        "sortType": "-1"
    }
]